Ref,Val,Package,PosX,PosY,Rot,Side
"C101","100u","CP_Radial_D6.3mm_P2.50mm",233.500000,-66.000000,0.000000,top
"C102","10u","C_1206_3216Metric",220.000000,-65.000000,90.000000,top
"C103","10u","C_1206_3216Metric",160.800000,-81.200000,0.000000,top
"C104","10u","C_1206_3216Metric",147.200000,-80.000000,180.000000,top
"C105","10u","C_1206_3216Metric",147.200000,-84.000000,180.000000,top
"C106","1u","C_0603_1608Metric",147.200000,-88.000000,180.000000,top
"C107","1u","C_0603_1608Metric",160.800000,-86.800000,0.000000,top
"C108","10u","C_1206_3216Metric",214.800000,-61.200000,0.000000,top
"C109","10u","C_1206_3216Metric",201.200000,-60.000000,180.000000,top
"C110","10u","C_1206_3216Metric",201.200000,-64.000000,180.000000,top
"C111","1u","C_0603_1608Metric",201.200000,-68.000000,180.000000,top
"C112","1u","C_0603_1608Metric",214.800000,-66.800000,0.000000,top
"C113","22u","C_1206_3216Metric",137.500000,-85.000000,90.000000,top
"C114","100n","C_0603_1608Metric",135.000000,-85.000000,90.000000,top
"C201","15n","C_0805_2012Metric",82.000000,-110.500000,0.000000,top
"C202","100u","C_Rect_L41.5mm_W20.0mm_P37.50mm_MKS4",102.500000,-130.000000,0.000000,top
"C203","100n","C_0603_1608Metric",88.000000,-99.000000,90.000000,top
"C204","10u","C_1206_3216Metric",88.000000,-94.000000,90.000000,top
"C205","220p","C_0603_1608Metric",88.000000,-104.500000,90.000000,top
"C206","100n","C_0603_1608Metric",88.000000,-116.000000,90.000000,top
"C207","4700u","CP_Radial_D16.0mm_P7.50mm",105.500000,-86.000000,0.000000,top
"C208","100n","C_0603_1608Metric",130.500000,-85.500000,90.000000,top
"C301","10u","C_Rect_L26.5mm_W8.5mm_P22.50mm_MKS4",102.500000,-65.000000,0.000000,top
"C302","100n","C_1206_3216Metric",136.000000,-65.000000,-90.000000,top
"C303","2.7n","C_0603_1608Metric",180.000000,-88.050000,-90.000000,top
"C304","100n","C_0603_1608Metric",146.500000,-63.500000,90.000000,top
"C305","10u","C_1206_3216Metric",175.000000,-82.000000,90.000000,top
"C306","100n","C_0603_1608Metric",177.400000,-82.000000,90.000000,top
"C307","10u","C_1206_3216Metric",179.800000,-82.000000,90.000000,top
"C308","100n","C_0603_1608Metric",182.200000,-82.000000,90.000000,top
"C309","10u","C_1206_3216Metric",184.600000,-82.000000,90.000000,top
"C310","100n","C_0603_1608Metric",187.000000,-82.000000,90.000000,top
"C311","10u","C_1206_3216Metric",189.400000,-82.000000,90.000000,top
"C312","100n","C_0603_1608Metric",191.800000,-82.000000,90.000000,top
"C313","10u","C_1206_3216Metric",194.200000,-82.000000,90.000000,top
"C314","100n","C_0603_1608Metric",196.600000,-82.000000,90.000000,top
"C315","10u","C_1206_3216Metric",178.000000,-96.500000,90.000000,top
"C316","100n","C_0603_1608Metric",180.500000,-96.500000,90.000000,top
"C317","1u","C_0603_1608Metric",195.000000,-98.500000,90.000000,top
"C401","100n","C_0603_1608Metric",211.500000,-111.000000,0.000000,top
"C402","10u","C_1206_3216Metric",207.500000,-96.000000,90.000000,top
"C403","100n","C_0603_1608Metric",207.500000,-91.500000,90.000000,top
"C404","100n","C_0603_1608Metric",196.300000,-89.000000,90.000000,top
"C405","100n","C_0603_1608Metric",210.500000,-81.500000,0.000000,top
"C407","100n","C_0603_1608Metric",211.500000,-104.500000,0.000000,top
"D101","SS34","D_SMA",226.000000,-63.000000,0.000000,top
"D102","SMAJ15A","D_SMA",226.000000,-67.000000,0.000000,top
"J101","DC IN","Molex_Micro-Fit_3.0_43650-0200_1x02_P3.00mm_Horizontal",233.500000,-59.500000,0.000000,top
"J201","FILT_IN","Turret_PTFE_D3.0mm_Drill1.6mm",70.000000,-100.100000,0.000000,top
"J202","BIAS","PinHeader_1x02_P2.54mm_Vertical_NoSilk",70.000000,-90.000000,0.000000,top
"J401","AES3 OUT","RJ45_Amphenol_RJHSE5380",233.500000,-79.500000,-90.000000,top
"R101","10","R_0805_2012Metric",141.500000,-84.000000,180.000000,top
"R201","100k","R_0805_2012Metric",82.000000,-107.500000,0.000000,top
"R202","1k","R_0805_2012Metric",77.000000,-110.500000,90.000000,top
"R203","470","R_0603_1608Metric",88.000000,-109.000000,90.000000,top
"R204","47k","R_0603_1608Metric",121.000000,-83.500000,-90.000000,top
"R205","47k","R_0603_1608Metric",121.000000,-88.500000,-90.000000,top
"R206","1k","R_0603_1608Metric",126.500000,-90.500000,180.000000,top
"R301","47k","R_0805_2012Metric",131.000000,-67.000000,0.000000,top
"R302","10k","R_0805_2012Metric",131.000000,-63.000000,0.000000,top
"R303","100","R_0603_1608Metric",177.000000,-87.300000,0.000000,top
"R304","10k","R_0603_1608Metric",192.500000,-98.500000,90.000000,top
"R305","47k","R_0603_1608Metric",191.740000,-120.000000,90.000000,top
"R401","33","R_0603_1608Metric",207.000000,-100.500000,180.000000,top
"R402","33","R_0603_1608Metric",216.000000,-100.500000,0.000000,top
"R403","47k","R_0603_1608Metric",202.000000,-98.500000,0.000000,top
"R404","47k","R_0603_1608Metric",176.500000,-59.000000,90.000000,top
"R405","47k","R_0603_1608Metric",179.040000,-59.000000,90.000000,top
"R406","47k","R_0603_1608Metric",181.580000,-59.000000,90.000000,top
"R407","47k","R_0603_1608Metric",184.120000,-59.000000,90.000000,top
"R408","47k","R_0603_1608Metric",186.660000,-59.000000,90.000000,top
"R409","47k","R_0603_1608Metric",189.200000,-59.000000,90.000000,top
"R410","47k","R_0603_1608Metric",191.740000,-59.000000,90.000000,top
"R411","47k","R_0603_1608Metric",194.280000,-59.000000,90.000000,top
"R412","22","R_0603_1608Metric",207.000000,-81.500000,0.000000,top
"R413","22","R_0603_1608Metric",210.500000,-89.120000,180.000000,top
"SW301","RESET","SW_SPST_TL3342",194.000000,-109.500000,0.000000,top
"SW302","PCM1804 MODE","SW_DIP_SPSTx08_Slide_9.78x22.5mm_W7.62mm_P2.54mm",176.500000,-131.500000,90.000000,top
"SW401","CS8406 MODE","SW_DIP_SPSTx08_Slide_9.78x22.5mm_W7.62mm_P2.54mm",176.500000,-74.000000,90.000000,top
"TP201","PREAMP_OUT","TestPoint_Keystone_5000-5004_Miniature",102.500000,-73.500000,0.000000,top
"TP202","BIAS_BUF","TestPoint_Keystone_5000-5004_Miniature",130.500000,-91.000000,0.000000,top
"TP203","GUARD_DRV","TestPoint_Keystone_5000-5004_Miniature",78.000000,-120.000000,0.000000,top
"TP204","GND","TestPoint_Keystone_5000-5004_Miniature",135.000000,-91.000000,0.000000,top
"TP301","OVFL","TestPoint_Keystone_5000-5004_Miniature",186.000000,-105.500000,0.000000,top
"TR401","S22083","Transformer_Pulse_4Pin_W7.62mm",214.900000,-81.500000,0.000000,top
"U101","ADM7150ARDZ-5.0","SOIC-8-1EP_3.9x4.9mm_P1.27mm_EP2.29x3mm",154.000000,-84.000000,0.000000,top
"U102","ADM7150ARDZ-3.3","SOIC-8-1EP_3.9x4.9mm_P1.27mm_EP2.29x3mm",208.000000,-64.000000,0.000000,top
"U201","LMP7721","SOIC-8_3.9x4.9mm_P1.27mm_GuardIsland",82.000000,-102.000000,0.000000,top
"U202","LMP7715","SOT-23-5",84.000000,-116.000000,0.000000,top
"U203","LMP7715","SOT-23-5",126.500000,-86.000000,0.000000,top
"U301","LMP7715","SOT-23-5",142.000000,-64.000000,0.000000,top
"U302","PCM1804","SSOP-28_5.3x10.2mm_P0.65mm",186.000000,-90.000000,0.000000,top
"U401","CS8406","TSSOP-28_4.4x9.7mm_P0.65mm",202.000000,-90.000000,0.000000,top
"Y402","24.576MHz","SOT-23-5",211.500000,-101.500000,0.000000,top
