"Reference","Value","Footprint","Manufacturer","MPN","Description","QUANTITY","DNP"
"C101","100u","Capacitor_THT:CP_Radial_D6.3mm_P2.50mm","Panasonic","EEU-FR1E101","Electrolytic 100u 25V low-ESR, D6.3 P2.5","1",""
"C102-C105,C108-C110,C204,C305,C307,C309,C311,C313,C315,C402","10u","Capacitor_SMD:C_1206_3216Metric","Murata","GRM31CR71E106KA12L","MLCC 10u 25V X7R 1206 (decoupling)","15",""
"C106,C107,C111,C112,C317","1u","Capacitor_SMD:C_0603_1608Metric","Murata","GRM188R71E105KA12D","MLCC 1u 25V X7R 0603 (decoupling)","5",""
"C113","22u","Capacitor_SMD:C_1206_3216Metric","Murata","GRM31CR61C226ME15L","MLCC 22u 16V X5R 1206 (decoupling)","1",""
"C114,C203,C206,C208,C304,C306,C308,C310,C312,C314,C316,C401,C403-C405,C407,C408","100n","Capacitor_SMD:C_0603_1608Metric","Murata","GRM188R71H104KA93D","MLCC 100n 50V X7R 0603 (decoupling)","17",""
"C201","15n","Capacitor_SMD:C_0805_2012Metric","Murata","GRM2195C1H153JA01D","MLCC 15n 50V C0G 0805 (Cf, signal path)","1",""
"C202","100u","Capacitor_THT:C_Rect_L41.5mm_W20.0mm_P37.50mm_MKS4","WIMA","MKS4C061007G00KSSD","Film 100u 63 VDC PET, PCM 37.5 mm, 41.5 x 20 x 39.5 mm (Cg)","1",""
"C205","220p","Capacitor_SMD:C_0603_1608Metric","Murata","GRM1885C1H221JA01D","MLCC 220p 50V C0G 0603 (guard stability)","1",""
"C207","4700u","Capacitor_THT:CP_Radial_D16.0mm_P7.50mm","Panasonic","EEU-FR1C472","Electrolytic 4700u 16V, D16 P7.5 (bias divider filter)","1",""
"C301","10u","Capacitor_THT:C_Rect_L26.5mm_W8.5mm_P22.50mm_MKS4","WIMA","MKS4C051005F00KSSD","Film 10u 63 VDC PET, PCM 22.5 mm, 26.5 x 8.5 x 18.5 mm (C_out)","1",""
"C302","100n","Capacitor_SMD:C_1206_3216Metric","Murata","GRM31C5C1H104JA01L","MLCC 100n 50V C0G 1206 (signal path)","1",""
"C303","2.7n","Capacitor_SMD:C_0603_1608Metric","Murata","GRM1885C1H272JA01D","MLCC 2n7 50V C0G 0603 (ADC charge reservoir)","1",""
"D101","SS34","Diode_SMD:D_SMA","Vishay","SS34-E3/57T","Schottky 3 A 40 V, reverse-polarity protection","1",""
"D102","SMAJ15A","Diode_SMD:D_SMA","Littelfuse","SMAJ15A","TVS 15 V unidirectional, input surge clamp","1",""
"D301","RED","LED_SMD:LED_0805_2012Metric","Wurth","150080RS75000","LED red 0805, left-channel overflow","1",""
"J101","PWR_IN 9V","Connector_Molex:Molex_Micro-Fit_3.0_43650-0200_1x02_P3.00mm_Horizontal","Molex","43650-0200","Micro-Fit 3.0 2-pin right-angle header, 9 V DC in (from PSU or battery)","1",""
"J201","FILT_IN","elara:Turret_PTFE_D3.0mm_Drill1.6mm","-","PTFE press-fit turret or direct wire","Input from air-mounted RC filter (node 2), enters from the PCB bottom","1",""
"J202","BIAS","elara:PinHeader_1x02_P2.54mm_Vertical_NoSilk","Sullins","PRPC002SAAN-RC + SPC02SYAN shunt","Bias link: shunt = reset only; for operation fit a 1-100 G glass resistor (see docs, ion current)","1",""
"J401","AES3 OUT","Connector_Phoenix_MC:PhoenixContact_MC_1,5_3-G-3.81_1x03_P3.81mm_Horizontal","Phoenix Contact","1803280 + 1803581 plug","AES3 cable, pluggable through the wall notch: MC 1,5/3-G-3,81 header + MC 1,5/3-ST-3,81 plug; 1 shield (open by default), 2 hot, 3 cold","1",""
"J402","S/PDIF OUT","Connector_Coaxial:BNC_Amphenol_B6252HB-NPP3G-50_Horizontal","Amphenol","B6252HB-NPP3G-50","BNC right-angle PCB jack (single); shell = S/PDIF return, transformer-isolated from GND, so it must not touch the shield wall","1",""
"R101","10","Resistor_SMD:R_0805_2012Metric","Panasonic","ERA-6AEB100V","Thin film 10R 0.1% 0805","1",""
"R201","100k","Resistor_SMD:R_0805_2012Metric","Panasonic","ERA-6AEB104V","Thin film 100k 0.1% 25ppm 0805 (Rf)","1",""
"R202","1k","Resistor_SMD:R_0805_2012Metric","Panasonic","ERA-6AEB102V","Thin film 1k 0.1% 25ppm 0805 (Rg)","1",""
"R203","470","Resistor_SMD:R_0603_1608Metric","Panasonic","ERA-3AEB471V","Thin film 470R 0.1% 0603","1",""
"R204,R205","47k","Resistor_SMD:R_0603_1608Metric","Panasonic","ERA-3VRW4702V","Thin film 47k 0.05% 10ppm 0603 (bias divider)","2",""
"R206,R304","1k","Resistor_SMD:R_0603_1608Metric","Panasonic","ERA-3AEB102V","Thin film 1k 0.1% 0603","2",""
"R301","47k","Resistor_SMD:R_0805_2012Metric","Panasonic","ERA-6AEB473V","Thin film 47k 0.1% 25ppm 0805","1",""
"R302","10k","Resistor_SMD:R_0805_2012Metric","Panasonic","ERA-6AEB103V","Thin film 10k 0.1% 25ppm 0805 (R_AA)","1",""
"R303","100","Resistor_SMD:R_0603_1608Metric","Panasonic","ERA-3AEB101V","Thin film 100R 0.1% 0603","1",""
"R305-R312,R403-R411","10k","Resistor_SMD:R_0603_1608Metric","Panasonic","ERA-3AEB103V","Thin film 10k 0.1% 0603","17",""
"R401,R402","33","Resistor_SMD:R_0603_1608Metric","Panasonic","ERA-3AEB330V","Thin film 33R 0.1% 0603","2",""
"R412,R413","39","Resistor_SMD:R_0603_1608Metric","Panasonic","ERA-3AEB390V","Thin film 39R 0.1% 0603","2",""
"R415,R416","249","Resistor_SMD:R_0603_1608Metric","Panasonic","ERA-3AEB2490V","Thin film 249R 0.1% 0603","2",""
"R417","90.9","Resistor_SMD:R_0603_1608Metric","Panasonic","ERA-3AEB90R9V","Thin film 90R9 0.1% 0603","1",""
"SW301","RESET","Button_Switch_SMD:SW_SPST_TL3342","E-Switch","TL3342F160QG","Reset push button (ADC + S/PDIF TX)","1",""
"SW302","PCM1804 MODE","Button_Switch_THT:SW_DIP_SPSTx08_Slide_9.78x22.5mm_W7.62mm_P2.54mm","CTS","206-8ST","8-way DIP switch, PCM1804 mode pins","1",""
"SW401","CS8406 MODE","Button_Switch_THT:SW_DIP_SPSTx08_Slide_9.78x22.5mm_W7.62mm_P2.54mm","CTS","206-8ST","8-way DIP switch, CS8406 hardware-mode pins","1",""
"TP201","PREAMP_OUT","TestPoint:TestPoint_Keystone_5000-5004_Miniature","Keystone","5000","Test point PREAMP_OUT","1",""
"TP202","BIAS_BUF","TestPoint:TestPoint_Keystone_5000-5004_Miniature","Keystone","5000","Test point BIAS_BUF","1",""
"TP203","GUARD_DRV","TestPoint:TestPoint_Keystone_5000-5004_Miniature","Keystone","5000","Test point GUARD_DRV","1",""
"TP204","GND","TestPoint:TestPoint_Keystone_5000-5004_Miniature","Keystone","5001","Test point GND","1",""
"TR401,TR402","S22083","elara:Transformer_Pulse_4Pin_W7.62mm","Newava","S22083","AES3 110 R pulse transformer 1:1 (4-pin, windings 1-2 / 3-4; slots fit 5.08 or 10.16 mm pitch),S/PDIF 75 R pulse transformer 1:1 (4-pin, windings 1-2 / 3-4; slots fit 5.08 or 10.16 mm pitch)","2",""
"U101","ADM7150ARDZ-5.0","Package_SO:SOIC-8-1EP_3.9x4.9mm_P1.27mm_EP2.29x3mm","Analog Devices","ADM7150ARDZ-5.0-R7","Ultralow-noise LDO (1.6 uV rms), +5VA rail","1",""
"U102","ADM7150ARDZ-3.3","Package_SO:SOIC-8-1EP_3.9x4.9mm_P1.27mm_EP2.29x3mm","Analog Devices","ADM7150ARDZ-3.3-R7","Ultralow-noise LDO (1.6 uV rms), +3V3 rail","1",""
"U201","LMP7721","elara:SOIC-8_3.9x4.9mm_P1.27mm_GuardIsland","Texas Instruments","LMP7721MA/NOPB","Electrometer op-amp, 3 fA bias, guard pins 2/7","1",""
"U202,U203,U301","LMP7715","Package_TO_SOT_SMD:SOT-23-5","Texas Instruments","LMP7715MF/NOPB","ADC driver, unity gain (isolates the AA filter from ADC kick-back),Antenna bias buffer,Guard ring buffer (senses IN-, tracks IN+)","3",""
"U302","PCM1804","Package_SO:SSOP-28_5.3x10.2mm_P0.65mm","Texas Instruments","PCM1804DB","24-bit 192 kHz stereo ADC; right channel = shorted noise reference","1",""
"U401","CS8406","Package_SO:TSSOP-28_4.4x9.7mm_P0.65mm","Cirrus Logic","CS8406-CZZ","192 kHz digital audio interface transmitter (hardware mode: H/S high)","1",""
"Y402","24.576MHz","Package_TO_SOT_SMD:SOT-23-5","SiTime","SiT2001BI-S2-33E-24.576000","MEMS oscillator 24.576 MHz 3.3 V SOT23-5, OE on pin 3","1",""
