status,group,refs,qty,value,footprint,manufacturer,mpn,description,unit_price_eur,extended_eur,source,confidence,supplier,order_code,notes
core,frontend,J201,1,FILT_IN,Turret_PTFE_D3.0mm_Drill1.6mm,-,PTFE press-fit turret or direct wire,"Input from air-mounted RC filter (node 2), enters from the PCB bottom",2.50,2.50,PTFE press-fit stand-off terminal (Cambion/Sealectro type),catalogue estimate,Farnell / Mouser,,EUR 0 if the node2 lead is soldered straight to the pad
core,frontend,J202,1,BIAS,PinHeader_1x02_P2.54mm_Vertical_NoSilk,Sullins,PRPC002SAAN-RC + SPC02SYAN shunt,"Bias link: shunt = reset only; for operation fit a 1-100 G glass resistor (see docs, ion current)",0.25,0.25,2-pin header plus shunt,catalogue estimate,DigiKey,,
core,frontend,U201,1,LMP7721,SOIC-8_3.9x4.9mm_P1.27mm_GuardIsland,Texas Instruments,LMP7721MA/NOPB,"Electrometer op-amp, 3 fA bias, guard pins 2/7",6.02,6.02,DigiKey US qty-1 US$6.54 x0.92 (LCSC US$4.72),search snippet,DigiKey / TI.com,,Buy from an authorised source: fA-level part
core,frontend,R201,1,100k,R_0805_2012Metric,Panasonic,ERA-6AEB104V,Thin film 100k 0.1% 25ppm 0805 (Rf),0.33,0.33,DigiKey US$0.0712 at 50+ (search snippet); qty-1 about EUR 0.30-0.35,catalogue estimate (snippet at 50+),Mouser,,
core,frontend,C201,1,15n,C_0805_2012Metric,Murata,GRM2195C1H153JA01D,"MLCC 15n 50V C0G 0805 (Cf, signal path)",0.19,0.19,RS EU EUR 0.189 per unit (packs of 25); LCSC US$0.05,search snippet,TME / RS,,C0G signal-path part
core,frontend,R202,1,1k,R_0805_2012Metric,Panasonic,ERA-6AEB102V,Thin film 1k 0.1% 25ppm 0805 (Rg),0.33,0.33,as ERA-6AEB100V,catalogue estimate (snippet at 50+),Mouser,,
core,frontend,C202,1,100u,C_Rect_L41.5mm_W20.0mm_P37.50mm_MKS4,WIMA,MKS4C061007G00KSSD,"Film 100u 63 VDC PET, PCM 37.5 mm, 41.5 x 20 x 39.5 mm (Cg)",15.06,15.06,TME US$16.37 x0.92,search snippet,TME,MKS4C061007G00KSSD,63 VDC: 41.5 x 20 x 39.5 mm (the 100 VDC MKS4D061007H00KSSD is 24 x 45.5 mm)
core,frontend / adc / digital / power,C114 C203 C206 C208 C304 C306 C308 C310 C312 C314 C316 C401 C403 C404 C405 C407,16,100n,C_0603_1608Metric,Murata,GRM188R71H104KA93D,MLCC 100n 50V X7R 0603 (decoupling),0.05,0.80,10+ price break (bought in tens),catalogue estimate,Mouser,,
core,frontend / adc / digital / power,C102 C103 C104 C105 C108 C109 C110 C204 C305 C307 C309 C311 C313 C315 C402,15,10u,C_1206_3216Metric,Murata,GRM31CR71E106KA12L,MLCC 10u 25V X7R 1206 (decoupling),0.19,2.85,10+ price break (bought in tens),catalogue estimate,Mouser,,
core,frontend / adc,U202 U203 U301,3,LMP7715,SOT-23-5,Texas Instruments,LMP7715MF/NOPB,"Guard ring buffer (senses IN-, tracks IN+)",2.42,7.26,Mouser qty-1 US$2.63 x0.92,search snippet,Mouser,,
core,frontend,R203,1,470,R_0603_1608Metric,Panasonic,ERA-3AEB471V,Thin film 470R 0.1% 0603,0.28,0.28,typical qty-1 price for 0603 0.1 % thin film,catalogue estimate,Mouser,,
core,frontend,C205,1,220p,C_0603_1608Metric,Murata,GRM1885C1H221JA01D,MLCC 220p 50V C0G 0603 (guard stability),0.12,0.12,typical qty-1 distributor price,catalogue estimate,Mouser,,
core,frontend,R204 R205,2,47k,R_0603_1608Metric,Panasonic,ERA-3VRW4702V,Thin film 47k 0.05% 10ppm 0603 (bias divider),1.20,2.40,no price hit; 0.05 % / 10 ppm grade typically EUR 1-1.5 qty-1,catalogue estimate,Mouser,,
core,frontend,C207,1,4700u,CP_Radial_D16.0mm_P7.50mm,Panasonic,EEU-FR1C472,"Electrolytic 4700u 16V, D16 P7.5 (bias divider filter)",1.92,1.92,Farnell qty-1 US$2.09 x0.92 (DigiKey US$2.43 for the -L variant),search snippet,Farnell,,Two case sizes exist (16 x 25 P7.5 and 12.5 x 35 P5): order the 16 mm version that matches CP_Radial_D16.0mm_P7.50mm
core,frontend,R206,1,1k,R_0603_1608Metric,Panasonic,ERA-3AEB102V,Thin film 1k 0.1% 0603,0.28,0.28,typical qty-1 price for 0603 0.1 % thin film,catalogue estimate,Mouser,,
core,frontend / adc,TP201 TP202 TP203 TP301,4,PREAMP_OUT / BIAS_BUF / GUARD_DRV / OVFL,TestPoint_Keystone_5000-5004_Miniature,Keystone,5000,Test point PREAMP_OUT,0.30,1.20,Keystone miniature test point,catalogue estimate,Mouser,,
core,frontend,TP204,1,GND,TestPoint_Keystone_5000-5004_Miniature,Keystone,5001,Test point GND,0.30,0.30,Keystone miniature test point,catalogue estimate,Mouser,,
core,adc,C301,1,10u,C_Rect_L26.5mm_W8.5mm_P22.50mm_MKS4,WIMA,MKS4C051005F00KSSD,"Film 10u 63 VDC PET, PCM 22.5 mm, 26.5 x 8.5 x 18.5 mm (C_out)",5.45,5.45,Rapid qty-1 GBP 4.70 x1.16 (TME also stocks MKS4C051005F00KSSD),search snippet,TME / Rapid,MKS4C051005F00KSSD,
core,adc,R301,1,47k,R_0805_2012Metric,Panasonic,ERA-6AEB473V,Thin film 47k 0.1% 25ppm 0805,0.33,0.33,as ERA-6AEB100V,catalogue estimate (snippet at 50+),Mouser,,
core,adc,R302,1,10k,R_0805_2012Metric,Panasonic,ERA-6AEB103V,Thin film 10k 0.1% 25ppm 0805 (R_AA),0.33,0.33,as ERA-6AEB100V,catalogue estimate (snippet at 50+),Mouser,,
core,adc,C302,1,100n,C_1206_3216Metric,Murata,GRM31C5C1H104JA01L,MLCC 100n 50V C0G 1206 (signal path),0.44,0.44,Newark qty-1 US$0.481 x0.92 (LCSC US$0.19 at 5+),search snippet,Mouser / Farnell,,C0G anti-alias capacitor
core,adc,R303,1,100,R_0603_1608Metric,Panasonic,ERA-3AEB101V,Thin film 100R 0.1% 0603,0.28,0.28,typical qty-1 price for 0603 0.1 % thin film,catalogue estimate,Mouser,,
core,adc,C303,1,2.7n,C_0603_1608Metric,Murata,GRM1885C1H272JA01D,MLCC 2n7 50V C0G 0603 (ADC charge reservoir),0.12,0.12,typical qty-1 distributor price,catalogue estimate,Mouser,,
core,adc,U302,1,PCM1804,SSOP-28_5.3x10.2mm_P0.65mm,Texas Instruments,PCM1804DB,24-bit 192 kHz stereo ADC; right channel = shorted noise reference,6.27,6.27,Mouser qty-1 US$6.81 x0.92 (DigiKey US$7.09),search snippet,Mouser,,
core,adc,R304,1,10k,R_0603_1608Metric,Panasonic,ERA-3AEB103V,Thin film 10k 0.1% 0603,0.28,0.28,typical qty-1 price for 0603 0.1 % thin film,catalogue estimate,Mouser,,R304 reset pull-up
core,adc / power,C106 C107 C111 C112 C317,5,1u,C_0603_1608Metric,Murata,GRM188R71E105KA12D,MLCC 1u 25V X7R 0603 (decoupling),0.08,0.40,10+ price break (bought in tens),catalogue estimate,Mouser,,
core,adc,SW301,1,RESET,SW_SPST_TL3342,E-Switch,TL3342F160QG,Reset push button (ADC + S/PDIF TX),0.40,0.40,E-Switch tact switch,catalogue estimate,Mouser,,
core,adc / digital,SW302 SW401,2,PCM1804 MODE / CS8406 MODE,SW_DIP_SPSTx08_Slide_9.78x22.5mm_W7.62mm_P2.54mm,CTS,206-8ST,"8-way DIP switch, PCM1804 mode pins",0.89,1.78,DigiKey qty-1 US$0.97 x0.92 (via Octopart),search snippet,DigiKey,,
core,adc / digital,R305 R403 R404 R405 R406 R407 R408 R409 R410 R411,10,47k,R_0603_1608Metric,Panasonic,ERA-3AEB473V,Thin film 47k 0.1% 0603 (mode-pin pull-down),0.14,1.40,10+ price break for 0603 0.1 % thin film (10 needed),catalogue estimate,Mouser,,"Mode-pin pull-downs R305, R403-R411; 1 % thick film would do"
core,digital,R401 R402,2,33,R_0603_1608Metric,Panasonic,ERA-3AEB330V,Thin film 33R 0.1% 0603,0.28,0.56,typical qty-1 price for 0603 0.1 % thin film,catalogue estimate,Mouser,,
core,digital,U401,1,CS8406,TSSOP-28_4.4x9.7mm_P0.65mm,Cirrus Logic,CS8406-CZZ,192 kHz digital audio interface transmitter (hardware mode: H/S high),5.89,5.89,DigiKey qty-1 US$6.40 x0.92 (LCSC US$3.08),search snippet,DigiKey,598-1121-5-ND,
core,digital,R412 R413,2,39,R_0603_1608Metric,Panasonic,ERA-3AEB390V,Thin film 39R 0.1% 0603,0.28,0.56,typical qty-1 price for 0603 0.1 % thin film,catalogue estimate,Mouser,,
core,digital,TR401,1,S22083,Transformer_Pulse_4Pin_W7.62mm,Newava,S22083,"AES3 110 R pulse transformer 1:1, 2 kV isolation (4-pin, windings 1-2 / 3-4; slots fit 5.08 or 10.16 mm pitch)",4.63,4.63,DigiKey US qty-1 US$5.03 x0.92,search snippet,DigiKey,,TR401 (AES3); check the winding pin numbers against the elara footprint (1-2 / 3-4)
core,digital,J401,1,AES3 OUT,RJ45_Amphenol_RJHSE5380,Amphenol,RJHSE-5380,"RJ45 8P8C shielded, right angle, no LEDs. AES3 on the blue pair: 4 hot, 5 cold (the same pair in T568A and T568B). Shell = cable shield, isolated from GND: it must not touch the shield wall",1.44,1.44,Mouser qty-1 US$1.57 x0.92 (DigiKey US$1.60),search snippet,Mouser,523-RJHSE-5380,"J401 shielded R/A RJ45, no LEDs: AES3 on pins 4/5; shell = cable shield (isolated)"
core,digital,Y402,1,24.576MHz,SOT-23-5,SiTime,SiT2001BI-S2-33E-24.576000,"MEMS oscillator 24.576 MHz 3.3 V SOT23-5, OE on pin 3",1.80,1.80,SiT2001BI-S2-33E-24.000000 is a listed part; 24.576 MHz is a programmable frequency,catalogue estimate (similar part),DigiKey,,"SOT23-5, +/-25 ppm, 3.3 V, OE on pin 3; confirm the pinout (1 GND, 2 NC, 3 OE, 4 VDD, 5 OUT) against the datasheet; DigiKey programs the frequency. Y401 SiT1602 is the fit-instead alternative"
core,power,J101,1,PWR_IN 9V,Molex_Micro-Fit_3.0_43650-0200_1x02_P3.00mm_Horizontal,Molex,43650-0200,"Micro-Fit 3.0 2-pin right-angle header, 9 V DC in (from PSU or battery)",0.98,0.98,Mouser qty-1 US$1.07 x0.92,search snippet,Mouser,,
core,power,D101,1,SS34,D_SMA,Vishay,SS34-E3/57T,"Schottky 3 A 40 V, reverse-polarity protection",0.40,0.40,typical qty-1 distributor price,catalogue estimate,Mouser,,
core,power,D102,1,SMAJ15A,D_SMA,Littelfuse,SMAJ15A,"TVS 15 V unidirectional, input surge clamp",0.35,0.35,typical qty-1 distributor price,catalogue estimate,Mouser,,
core,power,C101,1,100u,CP_Radial_D6.3mm_P2.50mm,Panasonic,EEU-FR1E101,"Electrolytic 100u 25V low-ESR, D6.3 P2.5",0.30,0.30,typical qty-1 distributor price,catalogue estimate,Mouser,,
core,power,U101,1,ADM7150ARDZ-5.0,SOIC-8-1EP_3.9x4.9mm_P1.27mm_EP2.29x3mm,Analog Devices,ADM7150ARDZ-5.0-R7,"Ultralow-noise LDO (1.6 uV rms), +5VA rail",7.97,7.97,DigiKey US qty-1 US$8.66 x0.92 (Mouser US$11.37; JLCPCB/LCSC US$6.51),search snippet,DigiKey,ADM7150ARDZ-5.0-R7CT-ND,
core,power,U102,1,ADM7150ARDZ-3.3,SOIC-8-1EP_3.9x4.9mm_P1.27mm_EP2.29x3mm,Analog Devices,ADM7150ARDZ-3.3-R7,"Ultralow-noise LDO (1.6 uV rms), +3V3 rail",7.97,7.97,assumed equal to the DigiKey -5.0 price; Mouser lists this part at US$13.81 qty-1,search snippet (sister part),DigiKey,,Check the DigiKey price at order time; Mouser would be EUR 12.71
core,power,R101,1,10,R_0805_2012Metric,Panasonic,ERA-6AEB100V,Thin film 10R 0.1% 0805,0.33,0.33,ERA-6AEB104V DigiKey US$0.071 at 50+; qty-1 about EUR 0.30-0.35,catalogue estimate (snippet at 50+),Mouser,,
core,power,C113,1,22u,C_1206_3216Metric,Murata,GRM31CR61C226ME15L,MLCC 22u 16V X5R 1206 (decoupling),0.30,0.30,typical qty-1 distributor price,catalogue estimate,Mouser,,
core,pcb,PCB-AMP,1,PCB 4L 200x100,-,JLCPCB,JLC-4L-200x100-FR4-ENIG-5,"Bare PCB lot of 5 (1 used, 4 spare): 4-layer FR4 1.6 mm, 1 oz outer, ENIG for the exposed GND strips and the guard island",40.00,40.00,"4-layer FR4 1.6 mm, ENIG, 5 pcs; boards over 100 x 100 mm are not promo-priced (about US$43)",catalogue estimate,JLCPCB,,Confirm with the JLCPCB online quote using the real Gerbers
core,pcb,STENCIL,1,frameless stencil,-,JLCPCB,JLC-STENCIL-FRAMELESS,"SMT stencil for the amplifier top side (exposed pads of U101/U102, SiT1602 lands)",7.40,7.40,JLCPCB stencils within 100 x 100 mm US$3 (search snippet); a 200 x 100 frameless stencil is about US$8,catalogue estimate,JLCPCB,,
core,pcb,SHIP-JLC,1,shipping,-,JLCPCB,JLC-SHIP-ECONOMY,"Economy shipping for the whole JLCPCB order (amplifier, PSU and plate PCBs, stencil)",9.20,9.20,"Global Standard Direct Line / EuroPacket, about US$10 for the whole order (about 1 kg); EU VAT is prepaid at checkout",catalogue estimate,JLCPCB,,DHL Express about US$25-30
DNP,digital,Y401,1,24.576MHz,Oscillator_SMD_SiT_PQFN-4Pin_3.2x2.5mm,SiTime,SiT1602BI-33-33E-24.576000,"MEMS oscillator 24.576 MHz 3.3 V 3.2x2.5 mm, no-lead (alternative to Y402, fit only one)",1.60,0.00,no hit for this exact code; SiT1602BI 24.576 MHz variants US$1.15-1.60 qty-1,catalogue estimate (similar part),DigiKey,,"Verify the ordering code (-33 = 3.2 x 2.5 mm, +/-50 ppm; no suffix = bulk); DigiKey programs SiT1602 codes on demand"
DNP,digital,C406,1,10n,C_0603_1608Metric,Murata,GRM188R72A103KA01D,"MLCC 10n 100V X7R 0603 (shield RF bond, DNP)",0.06,0.00,10+ price break,catalogue estimate,Mouser,,DNP by default
optional,frontend,J202-R (glass),1,1G,Axial,Ohmite,RX-1M1007FE,Glass-encapsulated 1 GOhm Hi-Meg bias resistor for J202 in operation (see simulations/spice/README.md section 5),8.60,8.60,element14 SG qty-1 SGD 12.81 x0.67; Mouser lists it as a factory special order and other resellers quote far higher,search snippet (low confidence),Farnell / Mouser,,Glass-encapsulated 1 GOhm; the 10 G and 100 G values are special order (quotes of several hundred EUR seen)
optional,frontend,J202-R (chip),1,10G,1206 on 2-pin carrier,Ohmite,HVC1206Z1008KET,"10 GOhm thick-film bias resistor for J202, stocked alternative to the glass part",6.04,6.04,DigiKey qty-1 US$6.56 x0.92 (Newark US$6.95),search snippet,DigiKey,,"10 GOhm 10 % 1206 thick film, stocked; solder onto a 2-pin socket carrier for J202"
optional,frontend,U201 spare,1,LMP7721,SOIC-8,Texas Instruments,LMP7721MA/NOPB,"Spare electrometer op-amp (ESD-sensitive part, hand soldering)",6.02,6.02,DigiKey US qty-1 US$6.54 x0.92 (LCSC US$4.72),search snippet,DigiKey / TI.com,,Buy from an authorised source: fA-level part
total,,,,,,,,"Subtotal of core lines (EUR, ex VAT)",,149.65,,,,,
